smiles,inchi,freesolv
CN(C)C(=O)c1ccc(cc1)OC,"1S/C10H13NO2/c1-11(2)10(12)8-4-6-9(13-3)7-5-8/h4-7H,1-3H3",-11.01
CS(=O)(=O)Cl,"1S/CH3ClO2S/c1-5(2,3)4/h1H3",-4.87
CC(C)C=C,"1S/C5H10/c1-4-5(2)3/h4-5H,1H2,2-3H3",1.83
CCc1cnccn1,"1S/C6H8N2/c1-2-6-5-7-3-4-8-6/h3-5H,2H2,1H3",-5.45
CCCCCCCO,"1S/C7H16O/c1-2-3-4-5-6-7-8/h8H,2-7H2,1H3",-4.21
Cc1cc(cc(c1)O)C,"1S/C8H10O/c1-6-3-7(2)5-8(9)4-6/h3-5,9H,1-2H3",-6.27
CC(C)C(C)C,"1S/C6H14/c1-5(2)6(3)4/h5-6H,1-4H3",2.34
CCCC(C)(C)O,"1S/C6H14O/c1-4-5-6(2,3)7/h7H,4-5H2,1-3H3",-3.92
C[C@@H]1CCCC[C@@H]1C,"1S/C8H16/c1-7-5-3-4-6-8(7)2/h7-8H,3-6H2,1-2H3/t7-,8+",1.58
CC[C@H](C)O,"1S/C4H10O/c1-3-4(2)5/h4-5H,3H2,1-2H3/t4-/m0/s1",-4.62
C(Br)Br,1S/CH2Br2/c2-1-3/h1H2,-1.96
CC[C@H](C(C)C)O,"1S/C6H14O/c1-4-6(7)5(2)3/h5-7H,4H2,1-3H3/t6-/m1/s1",-3.88
CCc1ccccn1,"1S/C7H9N/c1-2-7-5-3-4-6-8-7/h3-6H,2H2,1H3",-4.33
CCCCC(=O)OCC,"1S/C7H14O2/c1-3-5-6-7(8)9-4-2/h3-6H2,1-2H3",-2.49
c1ccc(cc1)S,"1S/C6H6S/c7-6-4-2-1-3-5-6/h1-5,7H",-2.55
CC(=CCC/C(=C\CO)/C)C,"1S/C10H18O/c1-9(2)5-4-6-10(3)7-8-11/h5,7,11H,4,6,8H2,1-3H3/b10-7-",-4.78
c1ccc2c(c1)CCC2,"1S/C9H10/c1-2-5-9-7-3-6-8(9)4-1/h1-2,4-5H,3,6-7H2",-1.46
CCOc1ccccc1,"1S/C8H10O/c1-2-9-8-6-4-3-5-7-8/h3-7H,2H2,1H3",-2.22
c1cc(ccc1O)Br,"1S/C6H5BrO/c7-5-1-3-6(8)4-2-5/h1-4,8H",-5.85
CCCC(C)(C)C,"1S/C7H16/c1-5-6-7(2,3)4/h5-6H2,1-4H3",2.88
CC(=O)OCCOC(=O)C,"1S/C6H10O4/c1-5(7)9-3-4-10-6(2)8/h3-4H2,1-2H3",-6.34
CCOP(=S)(OCC)SCSP(=S)(OCC)OCC,"1S/C9H22O4P2S4/c1-5-10-14(16,11-6-2)18-9-19-15(17,12-7-3)13-8-4/h5-9H2,1-4H3",-6.1
C1CCCC(CC1)O,"1S/C7H14O/c8-7-5-3-1-2-4-6-7/h7-8H,1-6H2",-5.48
COC(=O)C1CC1,"1S/C5H8O2/c1-7-5(6)4-2-3-4/h4H,2-3H2,1H3",-4.1
c1ccc(cc1)C#N,1S/C7H5N/c8-6-7-4-2-1-3-5-7/h1-5H,-4.1
CCCCC#N,"1S/C5H9N/c1-2-3-4-5-6/h2-4H2,1H3",-3.52
CC(C)(C)O,"1S/C4H10O/c1-4(2,3)5/h5H,1-3H3",-4.47
CC(C)C(=O)C(C)C,"1S/C7H14O/c1-5(2)7(8)6(3)4/h5-6H,1-4H3",-2.74
CCC=O,"1S/C3H6O/c1-2-3-4/h3H,2H2,1H3",-3.43
CN(C)C=O,"1S/C3H7NO/c1-4(2)3-5/h3H,1-2H3",-7.81
Cc1ccc(cc1)C,"1S/C8H10/c1-7-3-5-8(2)6-4-7/h3-6H,1-2H3",-0.8
C=CCC=C,"1S/C5H8/c1-3-5-4-2/h3-4H,1-2,5H2",0.93
Cc1cccc(c1C)Nc2ccccc2C(=O)O,"1S/C15H15NO2/c1-10-6-5-9-13(11(10)2)16-14-8-4-3-7-12(14)15(17)18/h3-9,16H,1-2H3,(H,17,18)",-6.78
CN(C)C(=O)c1ccccc1,"1S/C9H11NO/c1-10(2)9(11)8-6-4-3-5-7-8/h3-7H,1-2H3",-9.29
CCNCC,"1S/C4H11N/c1-3-5-4-2/h5H,3-4H2,1-2H3",-4.07
CC(C)(C)c1ccc(cc1)O,"1S/C10H14O/c1-10(2,3)8-4-6-9(11)7-5-8/h4-7,11H,1-3H3",-5.91
CC(C)CCOC=O,"1S/C6H12O2/c1-6(2)3-4-8-5-7/h5-6H,3-4H2,1-2H3",-2.13
CCCCCCCCCCO,"1S/C10H22O/c1-2-3-4-5-6-7-8-9-10-11/h11H,2-10H2,1H3",-3.64
CCC(=O)OCC,"1S/C5H10O2/c1-3-5(6)7-4-2/h3-4H2,1-2H3",-2.68
CCCCCCCCC,"1S/C9H20/c1-3-5-7-9-8-6-4-2/h3-9H2,1-2H3",3.13
CC(=O)NC,"1S/C3H7NO/c1-3(5)4-2/h1-2H3,(H,4,5)",-10.0
CCCCCCCC=C,"1S/C9H18/c1-3-5-7-9-8-6-4-2/h3H,1,4-9H2,2H3",2.06
c1ccc2cc(ccc2c1)O,"1S/C10H8O/c11-10-6-5-8-3-1-2-4-9(8)7-10/h1-7,11H",-8.11
c1cc(c(cc1Cl)Cl)Cl,1S/C6H3Cl3/c7-4-1-2-5(8)6(9)3-4/h1-3H,-1.12
C([C@H]([C@H]([C@@H]([C@@H](CO)O)O)O)O)O,"1S/C6H14O6/c7-1-3(9)5(11)6(12)4(10)2-8/h3-12H,1-2H2/t3-,4-,5-,6-/m1/s1",-23.62
CCCC(=O)OC,"1S/C5H10O2/c1-3-4-5(6)7-2/h3-4H2,1-2H3",-2.83
c1ccc(c(c1)C=O)O,"1S/C7H6O2/c8-5-6-3-1-2-4-7(6)9/h1-5,9H",-4.68
C1CNC1,"1S/C3H7N/c1-2-4-3-1/h4H,1-3H2",-5.56
CCCNCCC,"1S/C6H15N/c1-3-5-7-6-4-2/h7H,3-6H2,1-2H3",-3.65
c1ccc(cc1)N,"1S/C6H7N/c7-6-4-2-1-3-5-6/h1-5H,7H2",-5.49
C(F)(F)(F)F,"1S/CF4/c2-1(3,4)5",3.12
CC[C@@H](C)CO,"1S/C5H12O/c1-3-5(2)4-6/h5-6H,3-4H2,1-2H3/t5-/m1/s1",-4.42
c1ccc(c(c1)O)I,"1S/C6H5IO/c7-5-3-1-2-4-6(5)8/h1-4,8H",-6.2
COc1cccc(c1O)OC,"1S/C8H10O3/c1-10-6-4-3-5-7(11-2)8(6)9/h3-5,9H,1-2H3",-6.96
CCC#C,"1S/C4H6/c1-3-4-2/h1H,4H2,2H3",-0.16
c1ccc(cc1)C(F)(F)F,"1S/C7H5F3/c8-7(9,10)6-4-2-1-3-5-6/h1-5H",-0.25
NN,1S/H4N2/c1-2/h1-2H2,-9.3
Cc1ccccn1,"1S/C6H7N/c1-6-4-2-3-5-7-6/h2-5H,1H3",-4.63
CCNc1nc(nc(n1)Cl)NCC,"1S/C7H12ClN5/c1-3-9-6-11-5(8)12-7(13-6)10-4-2/h3-4H2,1-2H3,(H2,9,10,11,12,13)",-10.22
c1ccc2c(c1)Oc3cc(c(cc3O2)Cl)Cl,1S/C12H6Cl2O2/c13-7-5-11-12(6-8(7)14)16-10-4-2-1-3-9(10)15-11/h1-6H,-3.56
CCCCCCCCN,"1S/C8H19N/c1-2-3-4-5-6-7-8-9/h2-9H2,1H3",-3.65
N,1S/H3N/h1H3,-4.29
c1ccc(c(c1)C(F)(F)F)C(F)(F)F,"1S/C8H4F6/c9-7(10,11)5-3-1-2-4-6(5)8(12,13)14/h1-4H",1.07
COC(=O)c1ccc(cc1)O,"1S/C8H8O3/c1-11-8(10)6-2-4-7(9)5-3-6/h2-5,9H,1H3",-9.51
CCCCCc1ccccc1,"1S/C11H16/c1-2-3-5-8-11-9-6-4-7-10-11/h4,6-7,9-10H,2-3,5,8H2,1H3",-0.23
CC(F)F,"1S/C2H4F2/c1-2(3)4/h2H,1H3",-0.11
c1ccc(cc1)n2c(=O)c(c(cn2)N)Cl,"1S/C10H8ClN3O/c11-9-8(12)6-13-14(10(9)15)7-4-2-1-3-5-7/h1-6H,12H2",-16.43
C=CC=C,"1S/C4H6/c1-3-4-2/h3-4H,1-2H2",0.56
CN(C)C,1S/C3H9N/c1-4(2)3/h1-3H3,-3.2
CCCCCC(=O)N,"1S/C6H13NO/c1-2-3-4-5-6(7)8/h2-5H2,1H3,(H2,7,8)",-9.31
CC(C)CO[N+](=O)[O-],"1S/C4H9NO3/c1-4(2)3-8-5(6)7/h4H,3H2,1-2H3",-1.88
c1ccc2c(c1)C(=O)c3cccc(c3C2=O)NCCO,"1S/C16H13NO3/c18-9-8-17-13-7-3-6-12-14(13)16(20)11-5-2-1-4-10(11)15(12)19/h1-7,17-18H,8-9H2",-14.21
C(CO[N+](=O)[O-])O,"1S/C2H5NO4/c4-1-2-7-3(5)6/h4H,1-2H2",-8.18
CCCCCCC(=O)C,"1S/C8H16O/c1-3-4-5-6-7-8(2)9/h3-7H2,1-2H3",-2.88
CN1CCNCC1,"1S/C5H12N2/c1-7-4-2-6-3-5-7/h6H,2-5H2,1H3",-7.77
CCN,"1S/C2H7N/c1-2-3/h2-3H2,1H3",-4.5
C1C=CC=CC=C1,"1S/C7H8/c1-2-4-6-7-5-3-1/h1-6H,7H2",-0.99
c1ccc2c(c1)Cc3ccccc3C2,"1S/C14H12/c1-2-6-12-10-14-8-4-3-7-13(14)9-11(12)5-1/h1-8H,9-10H2",-3.78
CC(Cl)Cl,"1S/C2H4Cl2/c1-2(3)4/h2H,1H3",-0.84
COc1cccc(c1)O,"1S/C7H8O2/c1-9-7-4-2-3-6(8)5-7/h2-5,8H,1H3",-7.66
c1cc2cccc3c2c(c1)CC3,"1S/C12H10/c1-3-9-4-2-6-11-8-7-10(5-1)12(9)11/h1-6H,7-8H2",-3.15
CCCCCCCCBr,"1S/C8H17Br/c1-2-3-4-5-6-7-8-9/h2-8H2,1H3",0.52
c1ccc(cc1)CO,"1S/C7H8O/c8-6-7-4-2-1-3-5-7/h1-5,8H,6H2",-6.62
c1c(c(=O)[nH]c(=O)[nH]1)Br,"1S/C4H3BrN2O2/c5-2-1-6-4(9)7-3(2)8/h1H,(H2,6,7,8,9)",-18.17
CCCC,"1S/C4H10/c1-3-4-2/h3-4H2,1-2H3",2.1
CCl,1S/CH3Cl/c1-2/h1H3,-0.55
CC(C)CBr,"1S/C4H9Br/c1-4(2)3-5/h4H,3H2,1-2H3",-0.03
CC(C)SC(C)C,"1S/C6H14S/c1-5(2)7-6(3)4/h5-6H,1-4H3",-1.21
CCCCCCC,"1S/C7H16/c1-3-5-7-6-4-2/h3-7H2,1-2H3",2.67
c1cnc[nH]1,"1S/C3H4N2/c1-2-5-3-4-1/h1-3H,(H,4,5)",-9.63
c1cc2c(cc1Cl)Oc3cc(c(c(c3O2)Cl)Cl)Cl,1S/C12H4Cl4O2/c13-5-1-2-7-8(3-5)17-9-4-6(14)10(15)11(16)12(9)18-7/h1-4H,-3.84
CC[C@H](C)n1c(=O)c(c([nH]c1=O)C)Br,"1S/C9H13BrN2O2/c1-4-5(2)12-8(13)7(10)6(3)11-9(12)14/h5H,4H2,1-3H3,(H,11,14)/t5-/m0/s1",-9.73
C(I)I,1S/CH2I2/c2-1-3/h1H2,-2.49
CCCN(CCC)C(=O)SCCC,"1S/C10H21NOS/c1-4-7-11(8-5-2)10(12)13-9-6-3/h4-9H2,1-3H3",-4.13
C[N+](=O)[O-],1S/CH3NO2/c1-2(3)4/h1H3,-4.02
CCOC,"1S/C3H8O/c1-3-4-2/h3H2,1-2H3",-2.1
COC(CCl)(OC)OC,"1S/C5H11ClO3/c1-7-5(4-6,8-2)9-3/h4H2,1-3H3",-4.59
CC(C)C,"1S/C4H10/c1-4(2)3/h4H,1-3H3",2.3
CC(C)CC(=O)O,"1S/C5H10O2/c1-4(2)3-5(6)7/h4H,3H2,1-2H3,(H,6,7)",-6.09
CCOP(=O)(OCC)O/C(=C/Cl)/c1ccc(cc1Cl)Cl,"1S/C12H14Cl3O4P/c1-3-17-20(16,18-4-2)19-12(8-13)10-6-5-9(14)7-11(10)15/h5-8H,3-4H2,1-2H3/b12-8+",-7.07
CCCCl,"1S/C3H7Cl/c1-2-3-4/h2-3H2,1H3",-0.33
CCCSCCC,"1S/C6H14S/c1-3-5-7-6-4-2/h3-6H2,1-2H3",-1.28
CCC[C@H](CC)O,"1S/C6H14O/c1-3-5-6(7)4-2/h6-7H,3-5H2,1-2H3/t6-/m0/s1",-4.06
CC#N,1S/C2H3N/c1-2-3/h1H3,-3.88
CN(CC(F)(F)F)c1ccccc1,"1S/C9H10F3N/c1-13(7-9(10,11)12)8-5-3-2-4-6-8/h2-6H,7H2,1H3",-1.92
[C@@H](C(F)(F)F)(OC(F)F)Cl,"1S/C3H2ClF5O/c4-1(3(7,8)9)10-2(5)6/h1-2H/t1-/m0/s1",0.1
C=CCCC=C,"1S/C6H10/c1-3-5-6-4-2/h3-4H,1-2,5-6H2",1.01
Cc1cccc(c1)C,"1S/C8H10/c1-7-4-3-5-8(2)6-7/h3-6H,1-2H3",-0.83
CC(=O)OC,1S/C3H6O2/c1-3(4)5-2/h1-2H3,-3.13
COC(c1ccccc1)(OC)OC,"1S/C10H14O3/c1-11-10(12-2,13-3)9-7-5-4-6-8-9/h4-8H,1-3H3",-4.04
CCOC(=O)c1ccccc1,"1S/C9H10O2/c1-2-11-9(10)8-6-4-3-5-7-8/h3-7H,2H2,1H3",-3.64
CCCS,"1S/C3H8S/c1-2-3-4/h4H,2-3H2,1H3",-1.1
CCCCCC(=O)C,"1S/C7H14O/c1-3-4-5-6-7(2)8/h3-6H2,1-2H3",-3.04
CC1(Cc2cccc(c2O1)OC(=O)NC)C,"1S/C12H15NO3/c1-12(2)7-8-5-4-6-9(10(8)16-12)15-11(14)13-3/h4-6H,7H2,1-3H3,(H,13,14)",-9.61
c1ccc(cc1)CBr,"1S/C7H7Br/c8-6-7-4-2-1-3-5-7/h1-5H,6H2",-2.38
CCCCCC(=O)OCC,"1S/C8H16O2/c1-3-5-6-7-8(9)10-4-2/h3-7H2,1-2H3",-2.23
CCCOC,"1S/C4H10O/c1-3-4-5-2/h3-4H2,1-2H3",-1.66
CN1CCOCC1,"1S/C5H11NO/c1-6-2-4-7-5-3-6/h2-5H2,1H3",-6.32
c1cc(cc(c1)O)C#N,"1S/C7H5NO/c8-5-6-2-1-3-7(9)4-6/h1-4,9H",-9.65
c1cc(c(cc1c2c(c(cc(c2Cl)Cl)Cl)Cl)Cl)Cl,1S/C12H4Cl6/c13-6-2-1-5(3-7(6)14)10-11(17)8(15)4-9(16)12(10)18/h1-4H,-4.38
CCCc1ccccc1,"1S/C9H12/c1-2-6-9-7-4-3-5-8-9/h3-5,7-8H,2,6H2,1H3",-0.53
Cn1cnc2c1c(=O)n(c(=O)n2C)C,"1S/C8H10N4O2/c1-10-4-9-6-5(10)7(13)12(3)8(14)11(6)2/h4H,1-3H3",-12.64
CNC,"1S/C2H7N/c1-3-2/h3H,1-2H3",-4.29
C(=C(F)F)(C(F)(F)F)F,"1S/C3F6/c4-1(2(5)6)3(7,8)9",2.93
c1cc(ccc1O)Cl,"1S/C6H5ClO/c7-5-1-3-6(8)4-2-5/h1-4,8H",-7.03
C1CCNCC1,"1S/C5H11N/c1-2-4-6-5-3-1/h6H,1-5H2",-5.11
c1ccc2c(c1)ccc3c2cccc3,1S/C14H10/c1-3-7-13-11(5-1)9-10-12-6-2-4-8-14(12)13/h1-10H,-3.88
CI,1S/CH3I/c1-2/h1H3,-0.89
COc1c(cc(c(c1O)OC)Cl)Cl,"1S/C8H8Cl2O3/c1-12-7-4(9)3-5(10)8(13-2)6(7)11/h3,11H,1-2H3",-6.44
C(=C/Cl)\Cl,1S/C2H2Cl2/c3-1-2-4/h1-2H/b2-1+,-0.78
CCCCC,"1S/C5H12/c1-3-5-4-2/h3-5H2,1-2H3",2.3
CCCC#N,"1S/C4H7N/c1-2-3-4-5/h2-3H2,1H3",-3.64
[C@@H](C(F)(F)F)(F)Br,"1S/C2HBrF4/c3-1(4)2(5,6)7/h1H/t1-/m0/s1",0.5
CC(C)Cc1cnccn1,"1S/C8H12N2/c1-7(2)5-8-6-9-3-4-10-8/h3-4,6-7H,5H2,1-2H3",-5.04
CC[C@H](C)O[N+](=O)[O-],"1S/C4H9NO3/c1-3-4(2)8-5(6)7/h4H,3H2,1-2H3/t4-/m0/s1",-1.82
c1ccc(cc1)c2cc(ccc2Cl)Cl,1S/C12H8Cl2/c13-10-6-7-12(14)11(8-10)9-4-2-1-3-5-9/h1-8H,-2.46
c1ccc(cc1)c2cc(c(c(c2Cl)Cl)Cl)Cl,1S/C12H6Cl4/c13-9-6-8(7-4-2-1-3-5-7)10(14)12(16)11(9)15/h1-6H,-3.48
CC[C@@H](C)C(C)C,"1S/C7H16/c1-5-7(4)6(2)3/h6-7H,5H2,1-4H3/t7-/m1/s1",2.52
C[C@H](CC(C)C)O,"1S/C6H14O/c1-5(2)4-6(3)7/h5-7H,4H2,1-3H3/t6-/m1/s1",-3.73
C1CCOCC1,1S/C5H10O/c1-2-4-6-5-3-1/h1-5H2,-3.12
C1CC1,1S/C3H6/c1-2-3-1/h1-3H2,0.75
c1c(cc(c(c1Cl)Cl)Cl)c2cc(c(c(c2Cl)Cl)Cl)Cl,1S/C12H3Cl7/c13-6-1-4(2-7(14)10(6)17)5-3-8(15)11(18)12(19)9(5)16/h1-3H,-3.17
C=C(Cl)Cl,1S/C2H2Cl2/c1-2(3)4/h1H2,0.25
CC(C)CO,"1S/C4H10O/c1-4(2)3-5/h4-5H,3H2,1-2H3",-4.5
CCCOC(=O)CC,"1S/C6H12O2/c1-3-5-8-6(7)4-2/h3-5H2,1-2H3",-2.44
C(C(Cl)(Cl)Cl)(Cl)(Cl)Cl,"1S/C2Cl6/c3-1(4,5)2(6,7)8",-0.64
CSc1ccccc1,"1S/C7H8S/c1-8-7-5-3-2-4-6-7/h2-6H,1H3",-2.73
CCc1ccccc1O,"1S/C8H10O/c1-2-7-5-3-4-6-8(7)9/h3-6,9H,2H2,1H3",-5.66
CC(C)(C)Cl,"1S/C4H9Cl/c1-4(2,3)5/h1-3H3",1.09
CC(=C)C=C,"1S/C5H8/c1-4-5(2)3/h4H,1-2H2,3H3",0.68
Cc1ccc(cc1)C(C)C,"1S/C10H14/c1-8(2)10-6-4-9(3)5-7-10/h4-8H,1-3H3",-0.68
Cn1ccnc1,"1S/C4H6N2/c1-6-3-2-5-4-6/h2-4H,1H3",-8.41
C(CO)O,"1S/C2H6O2/c3-1-2-4/h3-4H,1-2H2",-9.3
c1ccc(c(c1)Cl)Cl,1S/C6H4Cl2/c7-5-3-1-2-4-6(5)8/h1-4H,-1.36
c1c(=O)[nH]c(=O)[nH]c1Cl,"1S/C4H3ClN2O2/c5-2-1-3(8)7-4(9)6-2/h1H,(H2,6,7,8,9)",-15.83
CCCOC=O,"1S/C4H8O2/c1-2-3-6-4-5/h4H,2-3H2,1H3",-2.48
c1ccc2c(c1)Oc3ccc(cc3O2)Cl,1S/C12H7ClO2/c13-8-5-6-11-12(7-8)15-10-4-2-1-3-9(10)14-11/h1-7H,-3.1
CCCCCC(=O)O,"1S/C6H12O2/c1-2-3-4-5-6(7)8/h2-5H2,1H3,(H,7,8)",-6.21
CCOC(=O)CCC(=O)OCC,"1S/C8H14O4/c1-3-11-7(9)5-6-8(10)12-4-2/h3-6H2,1-2H3",-5.71
Cc1ccnc(c1)C,"1S/C7H9N/c1-6-3-4-8-7(2)5-6/h3-5H,1-2H3",-4.86
C1CCC=CC1,"1S/C6H10/c1-2-4-6-5-3-1/h1-2H,3-6H2",0.14
CN1CCN(CC1)C,"1S/C6H14N2/c1-7-3-5-8(2)6-4-7/h3-6H2,1-2H3",-7.58
c1cc(c(cc1c2cc(c(c(c2Cl)Cl)Cl)Cl)Cl)Cl,1S/C12H4Cl6/c13-7-2-1-5(3-8(7)14)6-4-9(15)11(17)12(18)10(6)16/h1-4H,-3.04
C1=CC(=O)C=CC1=O,1S/C6H4O2/c7-5-1-2-6(8)4-3-5/h1-4H,-6.5
COC(=O)CCl,"1S/C3H5ClO2/c1-6-3(5)2-4/h2H2,1H3",-4.0
CCCC=O,"1S/C4H8O/c1-2-3-4-5/h4H,2-3H2,1H3",-3.18
CCc1ccccc1,"1S/C8H10/c1-2-8-6-4-3-5-7-8/h3-7H,2H2,1H3",-0.79
C(=C(Cl)Cl)Cl,1S/C2HCl3/c3-1-2(4)5/h1H,-0.44
CCN(CC)CC,"1S/C6H15N/c1-4-7(5-2)6-3/h4-6H2,1-3H3",-3.22
c1cc2c(cc1Cl)Oc3c(c(c(c(c3Cl)Cl)Cl)Cl)O2,1S/C12H3Cl5O2/c13-4-1-2-5-6(3-4)19-12-10(17)8(15)7(14)9(16)11(12)18-5/h1-3H,-4.15
Cc1ccncc1C,"1S/C7H9N/c1-6-3-4-8-5-7(6)2/h3-5H,1-2H3",-5.22
c1(=O)[nH]c(=O)[nH]c(=O)[nH]1,"1S/C3H3N3O3/c7-1-4-2(8)6-3(9)5-1/h(H3,4,5,6,7,8,9)",-18.06
c1ccc(cc1)C=O,1S/C7H6O/c8-6-7-4-2-1-3-5-7/h1-6H,-4.02
c1ccnc(c1)Cl,1S/C5H4ClN/c6-5-3-1-2-4-7-5/h1-4H,-4.39
C=CCCl,"1S/C3H5Cl/c1-2-3-4/h2H,1,3H2",-0.57
Cc1ccc(cc1)C(=O)C,"1S/C9H10O/c1-7-3-5-9(6-4-7)8(2)10/h3-6H,1-2H3",-4.7
C=O,1S/CH2O/c1-2/h1H2,-2.75
Cc1ccccc1Cl,"1S/C7H7Cl/c1-6-4-2-3-5-7(6)8/h2-5H,1H3",-1.14
CC(=O)N1CCCC1,"1S/C6H11NO/c1-6(8)7-4-2-3-5-7/h2-5H2,1H3",-9.8
CC(OC)(OC)OC,"1S/C5H12O3/c1-5(6-2,7-3)8-4/h1-4H3",-4.42
CCCCc1ccccc1,"1S/C10H14/c1-2-3-7-10-8-5-4-6-9-10/h4-6,8-9H,2-3,7H2,1H3",-0.4
CN(C)c1ccccc1,"1S/C8H11N/c1-9(2)8-6-4-3-5-7-8/h3-7H,1-2H3",-3.45
CC(C)OC,"1S/C4H10O/c1-4(2)5-3/h4H,1-3H3",-2.01
c12c(c(c(c(c1Cl)Cl)Cl)Cl)Oc3c(c(c(c(c3Cl)Cl)Cl)Cl)O2,1S/C12Cl8O2/c13-1-2(14)6(18)10-9(5(1)17)21-11-7(19)3(15)4(16)8(20)12(11)22-10,-4.53
c1(c(c(c(c(c1Cl)Cl)Cl)Cl)Cl)c2c(c(c(c(c2Cl)Cl)Cl)Cl)Cl,1S/C12Cl10/c13-3-1(4(14)8(18)11(21)7(3)17)2-5(15)9(19)12(22)10(20)6(2)16,-2.98
C(C(Cl)Cl)Cl,"1S/C2H3Cl3/c3-1-2(4)5/h2H,1H2",-1.99
CNc1ccccc1,"1S/C7H9N/c1-8-7-5-3-2-4-6-7/h2-6,8H,1H3",-4.69
CC(C)OC(=O)C,"1S/C5H10O2/c1-4(2)7-5(3)6/h4H,1-3H3",-2.64
c1ccccc1,1S/C6H6/c1-2-4-6-5-3-1/h1-6H,-0.9
c1cc(c(c(c1)Cl)Cl)Cl,1S/C6H3Cl3/c7-4-2-1-3-5(8)6(4)9/h1-3H,-1.24
CCOP(=S)(OCC)SCSc1ccc(cc1)Cl,"1S/C11H16ClO2PS3/c1-3-13-15(16,14-4-2)18-9-17-11-7-5-10(12)6-8-11/h5-8H,3-4,9H2,1-2H3",-6.5
COP(=S)(OC)SCn1c(=O)c2ccccc2nn1,"1S/C10H12N3O3PS2/c1-15-17(18,16-2)19-7-13-10(14)8-5-3-4-6-9(8)11-12-13/h3-6H,7H2,1-2H3",-10.03
c1ccc2c(c1)Oc3c(cc(c(c3O2)Cl)Cl)Cl,1S/C12H5Cl3O2/c13-6-5-7(14)11-12(10(6)15)17-9-4-2-1-3-8(9)16-11/h1-5H,-4.05
CC(=C)C(=C)C,"1S/C6H10/c1-5(2)6(3)4/h1,3H2,2,4H3",0.4
CCCCC=C,"1S/C6H12/c1-3-5-6-4-2/h3H,1,4-6H2,2H3",1.58
S,1S/H2S/h1H2,-0.7
CCOCC,"1S/C4H10O/c1-3-5-4-2/h3-4H2,1-2H3",-1.59
CCNc1nc(nc(n1)SC)NC(C)C,"1S/C9H17N5S/c1-5-10-7-12-8(11-6(2)3)14-9(13-7)15-4/h6H,5H2,1-4H3,(H2,10,11,12,13,14)",-7.65
CCCCOC(=O)c1ccc(cc1)O,"1S/C11H14O3/c1-2-3-8-14-11(13)9-4-6-10(12)7-5-9/h4-7,12H,2-3,8H2,1H3",-8.72
CCCCCCOC(=O)C,"1S/C8H16O2/c1-3-4-5-6-7-10-8(2)9/h3-7H2,1-2H3",-2.26
C1CCC(=O)C1,1S/C5H8O/c6-5-3-1-2-4-5/h1-4H2,-4.7
CCCCC(=O)O,"1S/C5H10O2/c1-2-3-4-5(6)7/h2-4H2,1H3,(H,6,7)",-6.16
CCBr,"1S/C2H5Br/c1-2-3/h2H2,1H3",-0.74
Cc1ccc2cc(ccc2c1)C,"1S/C12H12/c1-9-3-5-12-8-10(2)4-6-11(12)7-9/h3-8H,1-2H3",-2.63
CCCCCCO,"1S/C6H14O/c1-2-3-4-5-6-7/h7H,2-6H2,1H3",-4.4
c1ccc(cc1)c2ccccc2Cl,1S/C12H9Cl/c13-12-9-5-4-8-11(12)10-6-2-1-3-7-10/h1-9H,-2.69
CC1=CCCCC1,"1S/C7H12/c1-7-5-3-2-4-6-7/h5H,2-4,6H2,1H3",0.67
CCCCCCO[N+](=O)[O-],"1S/C6H13NO3/c1-2-3-4-5-6-10-7(8)9/h2-6H2,1H3",-1.66
C(Br)(Br)Br,1S/CHBr3/c2-1(3)4/h1H,-2.13
CCc1ccc(cc1)O,"1S/C8H10O/c1-2-7-3-5-8(9)6-4-7/h3-6,9H,2H2,1H3",-6.13
CCCOCCO,"1S/C5H12O2/c1-2-4-7-5-3-6/h6H,2-5H2,1H3",-6.4
c1ccc(cc1)OC=O,1S/C7H6O2/c8-6-9-7-4-2-1-3-5-7/h1-6H,-3.82
c1c(c(=O)[nH]c(=O)[nH]1)I,"1S/C4H3IN2O2/c5-2-1-6-4(9)7-3(2)8/h1H,(H2,6,7,8,9)",-18.72
CCCC(=O)O,"1S/C4H8O2/c1-2-3-4(5)6/h2-3H2,1H3,(H,5,6)",-6.35
COC(C(F)(F)F)(OC)OC,"1S/C5H9F3O3/c1-9-5(10-2,11-3)4(6,7)8/h1-3H3",-0.8
C1[C@H]([C@@H]([C@H]([C@H](O1)O)O)O)O,"1S/C5H10O5/c6-2-1-10-5(9)4(8)3(2)7/h2-9H,1H2/t2-,3+,4-,5+/m1/s1",-20.52
C(F)(F)(F)Br,"1S/CBrF3/c2-1(3,4)5",1.79
CCCCO,"1S/C4H10O/c1-2-3-4-5/h5H,2-4H2,1H3",-4.72
c1ccc(cc1)F,1S/C6H5F/c7-6-4-2-1-3-5-6/h1-5H,-0.8
CCOC(=O)C,"1S/C4H8O2/c1-3-6-4(2)5/h3H2,1-2H3",-2.94
CC(C)COC(=O)C(C)C,"1S/C8H16O2/c1-6(2)5-10-8(9)7(3)4/h6-7H,5H2,1-4H3",-1.69
CC(C)(C)OC,"1S/C5H12O/c1-5(2,3)6-4/h1-4H3",-2.21
C1=C[C@@H]([C@@H]2[C@H]1[C@@]3(C(=C([C@]2(C3(Cl)Cl)Cl)Cl)Cl)Cl)Cl,"1S/C10H5Cl7/c11-4-2-1-3-5(4)9(15)7(13)6(12)8(3,14)10(9,16)17/h1-5H/t3-,4-,5-,8-,9+/m0/s1",-2.55
CCC(=O)CC,"1S/C5H10O/c1-3-5(6)4-2/h3-4H2,1-2H3",-3.41
COC(=O)C(F)(F)F,"1S/C3H3F3O2/c1-8-2(7)3(4,5)6/h1H3",-1.1
c1ccc2ccccc2c1,1S/C10H8/c1-2-6-10-8-4-3-7-9(10)5-1/h1-8H,-2.4
c1cc(c(c(c1c2cc(c(c(c2Cl)Cl)Cl)Cl)Cl)Cl)Cl,1S/C12H3Cl7/c13-6-2-1-4(8(15)10(6)17)5-3-7(14)11(18)12(19)9(5)16/h1-3H,-4.4
CC(=O)Oc1ccccc1C(=O)O,"1S/C9H8O4/c1-6(10)13-8-5-3-2-4-7(8)9(11)12/h2-5H,1H3,(H,11,12)",-9.94
CC(=O)C(C)(C)C,"1S/C6H12O/c1-5(7)6(2,3)4/h1-4H3",-3.11
COS(=O)(=O)C,"1S/C2H6O3S/c1-5-6(2,3)4/h1-2H3",-4.87
CCc1ccncc1,"1S/C7H9N/c1-2-7-3-5-8-6-4-7/h3-6H,2H2,1H3",-4.73
CC(C)NC(C)C,"1S/C6H15N/c1-5(2)7-6(3)4/h5-7H,1-4H3",-3.22
c1cc2c(cc1Cl)Oc3ccc(cc3O2)Cl,1S/C12H6Cl2O2/c13-7-1-3-9-11(5-7)16-10-4-2-8(14)6-12(10)15-9/h1-6H,-3.67
CCCCCCCN,"1S/C7H17N/c1-2-3-4-5-6-7-8/h2-8H2,1H3",-3.79
CC1CCCC1,"1S/C6H12/c1-6-4-2-3-5-6/h6H,2-5H2,1H3",1.59
CCC,"1S/C3H8/c1-3-2/h3H2,1-2H3",2.0
C[C@H]1CCCO1,"1S/C5H10O/c1-5-3-2-4-6-5/h5H,2-4H2,1H3/t5-/m0/s1",-3.3
CNC(=O)Oc1cccc2c1cccc2,"1S/C12H11NO2/c1-13-12(14)15-11-8-4-6-9-5-2-3-7-10(9)11/h2-8H,1H3,(H,13,14)",-9.45
c1cc(cc(c1)O)C=O,"1S/C7H6O2/c8-5-6-2-1-3-7(9)4-6/h1-5,9H",-9.52
c1ccc2cc3ccccc3cc2c1,1S/C14H10/c1-2-6-12-10-14-8-4-3-7-13(14)9-11(12)5-1/h1-10H,-3.95
C(Cl)Cl,1S/CH2Cl2/c2-1-3/h1H2,-1.31
CC(C)(C)C(=O)OC,"1S/C6H12O2/c1-6(2,3)5(7)8-4/h1-4H3",-2.4
C([N+](=O)[O-])(Cl)(Cl)Cl,"1S/CCl3NO2/c2-1(3,4)5(6)7",-1.45
C1CC[S+2](C1)([O-])[O-],1S/C4H8O2S/c5-7(6)3-1-2-4-7/h1-4H2,-8.61
Cc1cccc(c1O)C,"1S/C8H10O/c1-6-4-3-5-7(2)8(6)9/h3-5,9H,1-2H3",-5.26
Cc1cccc(c1)O,"1S/C7H8O/c1-6-3-2-4-7(8)5-6/h2-5,8H,1H3",-5.49
c1ccc2c(c1)C(=O)c3c(ccc(c3C2=O)O)N,"1S/C14H9NO3/c15-9-5-6-10(16)12-11(9)13(17)7-3-1-2-4-8(7)14(12)18/h1-6,16H,15H2",-9.53
c1ccc2c(c1)C(=O)c3c(ccc(c3C2=O)N)N,"1S/C14H10N2O2/c15-9-5-6-10(16)12-11(9)13(17)7-3-1-2-4-8(7)14(12)18/h1-6H,15-16H2",-11.85
CCCCCCCC(=O)C,"1S/C9H18O/c1-3-4-5-6-7-8-9(2)10/h3-8H2,1-2H3",-2.49
CCCCN,"1S/C4H11N/c1-2-3-4-5/h2-5H2,1H3",-4.24
CCCC(=O)OCC,"1S/C6H12O2/c1-3-5-6(7)8-4-2/h3-5H2,1-2H3",-2.49
Cc1ccc(cc1)N,"1S/C7H9N/c1-6-2-4-7(8)5-3-6/h2-5H,8H2,1H3",-5.57
CCCCCCI,"1S/C6H13I/c1-2-3-4-5-6-7/h2-6H2,1H3",0.08
C(C(F)(Cl)Cl)(F)(F)Cl,"1S/C2Cl3F3/c3-1(4,6)2(5,7)8",1.77
COP(=O)(OC)OC,"1S/C3H9O4P/c1-5-8(4,6-2)7-3/h1-3H3",-8.7
c1cc(cc(c1)Cl)Cl,1S/C6H4Cl2/c7-5-2-1-3-6(8)4-5/h1-4H,-0.98
Cc1cc(c2ccccc2c1)C,"1S/C12H12/c1-9-7-10(2)12-6-4-3-5-11(12)8-9/h3-8H,1-2H3",-2.47
CCCC(C)C,"1S/C6H14/c1-4-5-6(2)3/h6H,4-5H2,1-3H3",2.51
CCOP(=S)(OCC)Oc1c(cc(c(n1)Cl)Cl)Cl,"1S/C9H11Cl3NO3PS/c1-3-14-17(18,15-4-2)16-9-7(11)5-6(10)8(12)13-9/h5H,3-4H2,1-2H3",-5.04
C(C(F)(F)F)Cl,"1S/C2H2ClF3/c3-1-2(4,5)6/h1H2",0.06
C=C,1S/C2H4/c1-2/h1-2H2,1.28
CCCCCI,"1S/C5H11I/c1-2-3-4-5-6/h2-5H2,1H3",-0.14
COC(OC)OC,"1S/C4H10O3/c1-5-4(6-2)7-3/h4H,1-3H3",-4.42
CCCCCCCCCC,"1S/C10H22/c1-3-5-7-9-10-8-6-4-2/h3-10H2,1-2H3",3.16
C[C@@H](CO[N+](=O)[O-])O[N+](=O)[O-],"1S/C3H6N2O6/c1-3(11-5(8)9)2-10-4(6)7/h3H,2H2,1H3/t3-/m0/s1",-4.95
CC=C,"1S/C3H6/c1-3-2/h3H,1H2,2H3",1.32
Cc1c[nH]c2c1cccc2,"1S/C9H9N/c1-7-6-10-9-5-3-2-4-8(7)9/h2-6,10H,1H3",-5.88
COP(=O)([C@H](C(Cl)(Cl)Cl)O)OC,"1S/C4H8Cl3O4P/c1-10-12(9,11-2)3(8)4(5,6)7/h3,8H,1-2H3/t3-/m1/s1",-12.74
C1CCCCC1,1S/C6H12/c1-2-4-6-5-3-1/h1-6H2,1.23
CC(=CCC/C(=C/CO)/C)C,"1S/C10H18O/c1-9(2)5-4-6-10(3)7-8-11/h5,7,11H,4,6,8H2,1-3H3/b10-7+",-4.45
CC(C)c1ccccc1,"1S/C9H12/c1-8(2)9-6-4-3-5-7-9/h3-8H,1-2H3",-0.3
CC(C)C(C)C(C)C,"1S/C8H18/c1-6(2)8(5)7(3)4/h6-8H,1-5H3",2.56
CC(C)C(=O)C,"1S/C5H10O/c1-4(2)5(3)6/h4H,1-3H3",-3.24
CCCCNCCCC,"1S/C8H19N/c1-3-5-7-9-8-6-4-2/h9H,3-8H2,1-2H3",-3.24
CCCCS,"1S/C4H10S/c1-2-3-4-5/h5H,2-4H2,1H3",-0.99
c1ccc2c(c1)Oc3c(c(c(c(c3Cl)Cl)Cl)Cl)O2,1S/C12H4Cl4O2/c13-7-8(14)10(16)12-11(9(7)15)17-5-3-1-2-4-6(5)18-12/h1-4H,-3.81
COc1c(c(c(c(c1Cl)C=O)Cl)OC)O,"1S/C9H8Cl2O4/c1-14-8-5(10)4(3-12)6(11)9(15-2)7(8)13/h3,13H,1-2H3",-8.68
C1CCC(CC1)N,"1S/C6H13N/c7-6-4-2-1-3-5-6/h6H,1-5,7H2",-4.59
C(F)(F)Cl,1S/CHClF2/c2-1(3)4/h1H,-0.5
COC(=O)c1ccc(cc1)[N+](=O)[O-],"1S/C8H7NO4/c1-13-8(10)6-2-4-7(5-3-6)9(11)12/h2-5H,1H3",-6.88
CC(=O)c1cccnc1,"1S/C7H7NO/c1-6(9)7-3-2-4-8-5-7/h2-5H,1H3",-8.26
CC#C,"1S/C3H4/c1-3-2/h1H,2H3",-0.48
CCCCCCCCC=O,"1S/C9H18O/c1-2-3-4-5-6-7-8-9-10/h9H,2-8H2,1H3",-2.07
CCC(=O)O,"1S/C3H6O2/c1-2-3(4)5/h2H2,1H3,(H,4,5)",-6.46
C(Cl)(Cl)Cl,1S/CHCl3/c2-1(3)4/h1H,-1.08
Cc1cccc(c1C)C,"1S/C9H12/c1-7-5-4-6-8(2)9(7)3/h4-6H,1-3H3",-1.21
C,1S/CH4/h1H4,2.0
c1ccc(cc1)CCl,"1S/C7H7Cl/c8-6-7-4-2-1-3-5-7/h1-5H,6H2",-1.93
CC1CCCCC1,"1S/C7H14/c1-7-5-3-2-4-6-7/h7H,2-6H2,1H3",1.7
Cc1cccs1,"1S/C5H6S/c1-5-3-2-4-6-5/h2-4H,1H3",-1.38
c1ccncc1,1S/C5H5N/c1-2-4-6-5-3-1/h1-5H,-4.69
CCCCCl,"1S/C4H9Cl/c1-2-3-4-5/h2-4H2,1H3",-0.16
C[C@H]1CC[C@@H](O1)C,"1S/C6H12O/c1-5-3-4-6(2)7-5/h5-6H,3-4H2,1-2H3/t5-,6-/m0/s1",-2.92
Cc1ccc(c(c1)OC)O,"1S/C8H10O2/c1-6-3-4-7(9)8(5-6)10-2/h3-5,9H,1-2H3",-5.8
C1[C@H]([C@@H]2[C@H]([C@H]1Cl)[C@]3(C(=C([C@@]2(C3(Cl)Cl)Cl)Cl)Cl)Cl)Cl,"1S/C10H6Cl8/c11-2-1-3(12)5-4(2)8(15)6(13)7(14)9(5,16)10(8,17)18/h2-5H,1H2/t2-,3+,4-,5+,8+,9-",-3.44
Cc1ccccc1,"1S/C7H8/c1-7-5-3-2-4-6-7/h2-6H,1H3",-0.9
CC(C)COC=O,"1S/C5H10O2/c1-5(2)3-7-4-6/h4-5H,3H2,1-2H3",-2.22
CCOC(=O)c1ccc(cc1)O,"1S/C9H10O3/c1-2-12-9(11)7-3-5-8(10)6-4-7/h3-6,10H,2H2,1H3",-9.2
CCOCCOCC,"1S/C6H14O2/c1-3-7-5-6-8-4-2/h3-6H2,1-2H3",-3.54
CCCCCOC(=O)CC,"1S/C8H16O2/c1-3-5-6-7-10-8(9)4-2/h3-7H2,1-2H3",-2.11
CCCc1ccc(cc1)O,"1S/C9H12O/c1-2-3-8-4-6-9(10)7-5-8/h4-7,10H,2-3H2,1H3",-5.21
CC=C(C)C,"1S/C5H10/c1-4-5(2)3/h4H,1-3H3",1.31
C(CCl)Cl,1S/C2H4Cl2/c3-1-2-4/h1-2H2,-1.79
CCC(C)(C)CC,"1S/C7H16/c1-5-7(3,4)6-2/h5-6H2,1-4H3",2.56
Cc1cc2ccccc2cc1C,"1S/C12H12/c1-9-7-11-5-3-4-6-12(11)8-10(9)2/h3-8H,1-2H3",-2.78
Cc1cccc(n1)C,"1S/C7H9N/c1-6-4-3-5-7(2)8-6/h3-5H,1-2H3",-4.59
COC(C(Cl)Cl)(F)F,"1S/C3H4Cl2F2O/c1-8-3(6,7)2(4)5/h2H,1H3",-1.12
CCOCCOC(=O)C,"1S/C6H12O3/c1-3-8-4-5-9-6(2)7/h3-5H2,1-2H3",-5.31
COc1cccc(c1)N,"1S/C7H9NO/c1-9-7-4-2-3-6(8)5-7/h2-5H,8H2,1H3",-7.29
c1cc(cnc1)C=O,1S/C6H5NO/c8-5-6-2-1-3-7-4-6/h1-5H,-7.1
CCC(C)(C)O,"1S/C5H12O/c1-4-5(2,3)6/h6H,4H2,1-3H3",-4.43
CCc1cccc(c1N(COC)C(=O)CCl)CC,"1S/C14H20ClNO2/c1-4-11-7-6-8-12(5-2)14(11)16(10-18-3)13(17)9-15/h6-8H,4-5,9-10H2,1-3H3",-8.21
Cn1cccc1,"1S/C5H7N/c1-6-4-2-3-5-6/h2-5H,1H3",-2.89
COCOC,"1S/C3H8O2/c1-4-3-5-2/h3H2,1-2H3",-2.93
CCC(CC)O,"1S/C5H12O/c1-3-5(6)4-2/h5-6H,3-4H2,1-2H3",-4.35
CCCCCCCCCC(=O)C,"1S/C11H22O/c1-3-4-5-6-7-8-9-10-11(2)12/h3-10H2,1-2H3",-2.15
C(CBr)Cl,1S/C2H4BrCl/c3-1-2-4/h1-2H2,-1.95
c1ccc(cc1)I,1S/C6H5I/c7-6-4-2-1-3-5-6/h1-5H,-1.74
CC1=CC(=O)CC(C1)(C)C,"1S/C9H14O/c1-7-4-8(10)6-9(2,3)5-7/h4H,5-6H2,1-3H3",-5.18
CCI,"1S/C2H5I/c1-2-3/h2H2,1H3",-0.74
CCCc1ccc(c(c1)OC)O,"1S/C10H14O2/c1-3-4-8-5-6-9(11)10(7-8)12-2/h5-7,11H,3-4H2,1-2H3",-5.26
CC(C)Br,"1S/C3H7Br/c1-3(2)4/h3H,1-2H3",-0.48
Cc1ccc(cc1)Br,"1S/C7H7Br/c1-6-2-4-7(8)5-3-6/h2-5H,1H3",-1.39
c1cc(ccc1C#N)O,"1S/C7H5NO/c8-5-6-1-3-7(9)4-2-6/h1-4,9H",-10.17
CS(=O)(=O)C,"1S/C2H6O2S/c1-5(2,3)4/h1-2H3",-10.08
CCc1cccc(c1)O,"1S/C8H10O/c1-2-7-4-3-5-8(9)6-7/h3-6,9H,2H2,1H3",-6.25
CC1=CC[C@H](C[C@@H]1O)C(=C)C,"1S/C10H16O/c1-7(2)9-5-4-8(3)10(11)6-9/h4,9-11H,1,5-6H2,2-3H3/t9-,10+/m1/s1",-4.44
c1cc(ccc1Br)Br,1S/C6H4Br2/c7-5-1-2-6(8)4-3-5/h1-4H,-2.3
COc1c(ccc(c1C(=O)O)Cl)Cl,"1S/C8H6Cl2O3/c1-13-7-5(10)3-2-4(9)6(7)8(11)12/h2-3H,1H3,(H,11,12)",-9.86
CC/C=C\C,"1S/C5H10/c1-3-5-4-2/h3,5H,4H2,1-2H3/b5-3-",1.31
CC,1S/C2H6/c1-2/h1-2H3,1.83
COc1ccccc1OC,"1S/C8H10O2/c1-9-7-5-3-4-6-8(7)10-2/h3-6H,1-2H3",-5.33
CCSCC,"1S/C4H10S/c1-3-5-4-2/h3-4H2,1-2H3",-1.46
c1cc(cnc1)C#N,"1S/C6H4N2/c7-4-6-2-1-3-8-5-6/h1-3,5H",-6.75
c1cc(c(cc1O)Cl)Cl,"1S/C6H4Cl2O/c7-5-2-1-4(9)3-6(5)8/h1-3,9H",-7.29
COc1ccccc1,"1S/C7H8O/c1-8-7-5-3-2-4-6-7/h2-6H,1H3",-2.45
Cc1ccc(c(c1)O)C,"1S/C8H10O/c1-6-3-4-7(2)8(9)5-6/h3-5,9H,1-2H3",-5.91
c1cc(ccc1Cl)Cl,1S/C6H4Cl2/c7-5-1-2-6(8)4-3-5/h1-4H,-1.01
C(F)Cl,1S/CH2ClF/c2-1-3/h1H2,-0.77
CCCC=C,"1S/C5H10/c1-3-5-4-2/h3H,1,4-5H2,2H3",1.68
c1cc(c(c(c1Cl)Cl)Cl)Cl,1S/C6H2Cl4/c7-3-1-2-4(8)6(10)5(3)9/h1-2H,-1.34
CCCCCC#C,"1S/C7H12/c1-3-5-7-6-4-2/h1H,4-7H2,2H3",0.6
CCCCCCCCC(=O)C,"1S/C10H20O/c1-3-4-5-6-7-8-9-10(2)11/h3-9H2,1-2H3",-2.34
c1ccc(cc1)Cl,1S/C6H5Cl/c7-6-4-2-1-3-5-6/h1-5H,-1.12
CN(C)CCOC(c1ccccc1)c2ccccc2,"1S/C17H21NO/c1-18(2)13-14-19-17(15-9-5-3-6-10-15)16-11-7-4-8-12-16/h3-12,17H,13-14H2,1-2H3",-9.34
CCCCC=O,"1S/C5H10O/c1-2-3-4-5-6/h5H,2-4H2,1H3",-3.03
c1ccc(cc1)Oc2ccccc2,1S/C12H10O/c1-3-7-11(8-4-1)13-12-9-5-2-6-10-12/h1-10H,-2.87
C1CCC(=O)CC1,1S/C6H10O/c7-6-4-2-1-3-5-6/h1-5H2,-4.91
CCCC[N+](=O)[O-],"1S/C4H9NO2/c1-2-3-4-5(6)7/h2-4H2,1H3",-3.09
c1cnccc1C=O,1S/C6H5NO/c8-5-6-1-3-7-4-2-6/h1-5H,-7.0
C(CCl)OCCCl,1S/C4H8Cl2O/c5-1-3-7-4-2-6/h1-4H2,-4.23
CC[N+](=O)[O-],"1S/C2H5NO2/c1-2-3(4)5/h2H2,1H3",-3.71
c1cc(cnc1)Cl,1S/C5H4ClN/c6-5-2-1-3-7-4-5/h1-4H,-4.01
CBr,1S/CH3Br/c1-2/h1H3,-0.82
CO,"1S/CH4O/c1-2/h2H,1H3",-5.1
CCCCCCC=O,"1S/C7H14O/c1-2-3-4-5-6-7-8/h7H,2-6H2,1H3",-2.67
c1cc(c(c(c1)Cl)c2c(cccc2Cl)Cl)Cl,1S/C12H6Cl4/c13-7-3-1-4-8(14)11(7)12-9(15)5-2-6-10(12)16/h1-6H,-2.28
c1ccc(c(c1)N)[N+](=O)[O-],"1S/C6H6N2O2/c7-5-3-1-2-4-6(5)8(9)10/h1-4H,7H2",-7.37
CN1CCCCC1,"1S/C6H13N/c1-7-5-3-2-4-6-7/h2-6H2,1H3",-3.88
CCCCCCCC=O,"1S/C8H16O/c1-2-3-4-5-6-7-8-9/h8H,2-7H2,1H3",-2.29
c1ccc(cc1)[N+](=O)[O-],1S/C6H5NO2/c8-7(9)6-4-2-1-3-5-6/h1-5H,-4.12
C[C@@H]1CC[C@H](C(=O)C1)C(C)C,"1S/C10H18O/c1-7(2)9-5-4-8(3)6-10(9)11/h7-9H,4-6H2,1-3H3/t8-,9+/m1/s1",-2.53
C([C@@H]1[C@H]([C@@H]([C@H]([C@@H](O1)O)O)O)O)O,"1S/C6H12O6/c7-1-2-3(8)4(9)5(10)6(11)12-2/h2-11H,1H2/t2-,3-,4+,5-,6-/m1/s1",-25.47
CF,1S/CH3F/c1-2/h1H3,-0.22
CS(=O)C,1S/C2H6OS/c1-4(2)3/h1-2H3,-9.28
c1ccc2c(c1)Oc3ccccc3O2,1S/C12H8O2/c1-2-6-10-9(5-1)13-11-7-3-4-8-12(11)14-10/h1-8H,-3.15
Cc1ccccc1N,"1S/C7H9N/c1-6-4-2-3-5-7(6)8/h2-5H,8H2,1H3",-5.53
CCCCBr,"1S/C4H9Br/c1-2-3-4-5/h2-4H2,1H3",-0.4
CCCCCCCCCO,"1S/C9H20O/c1-2-3-4-5-6-7-8-9-10/h10H,2-9H2,1H3",-3.88
Cc1ccncc1,"1S/C6H7N/c1-6-2-4-7-5-3-6/h2-5H,1H3",-4.93
C(=C(Cl)Cl)(Cl)Cl,1S/C2Cl4/c3-1(4)2(5)6,0.1
CC(C)(C)Br,"1S/C4H9Br/c1-4(2,3)5/h1-3H3",0.84
C=C(c1ccccc1)c2ccccc2,"1S/C14H12/c1-12(13-8-4-2-5-9-13)14-10-6-3-7-11-14/h2-11H,1H2",-2.78
CCc1ccc(cc1)C,"1S/C9H12/c1-3-9-6-4-8(2)5-7-9/h4-7H,3H2,1-2H3",-0.95
Cc1cccnc1,"1S/C6H7N/c1-6-3-2-4-7-5-6/h2-5H,1H3",-4.77
COCC(OC)(OC)OC,"1S/C6H14O4/c1-7-5-6(8-2,9-3)10-4/h5H2,1-4H3",-5.73
c1ccc-2c(c1)Cc3c2cccc3,"1S/C13H10/c1-3-7-12-10(5-1)9-11-6-2-4-8-13(11)12/h1-8H,9H2",-3.35
CC(=O)N,"1S/C2H5NO/c1-2(3)4/h1H3,(H2,3,4)",-9.71
COS(=O)(=O)OC,"1S/C2H6O4S/c1-5-7(3,4)6-2/h1-2H3",-5.1
C(C(Cl)Cl)(Cl)Cl,1S/C2H2Cl4/c3-1(4)2(5)6/h1-2H,-2.37
COC(=O)C1CCCCC1,"1S/C8H14O2/c1-10-8(9)7-5-3-2-4-6-7/h7H,2-6H2,1H3",-3.3
CCCCCCBr,"1S/C6H13Br/c1-2-3-4-5-6-7/h2-6H2,1H3",0.18
CCCCCCCBr,"1S/C7H15Br/c1-2-3-4-5-6-7-8/h2-7H2,1H3",0.34
c1ccc2c(c1)Oc3cccc(c3O2)Cl,1S/C12H7ClO2/c13-8-4-3-7-11-12(8)15-10-6-2-1-5-9(10)14-11/h1-7H,-3.52
COC(CC#N)(OC)OC,"1S/C6H11NO3/c1-8-6(9-2,10-3)4-5-7/h4H2,1-3H3",-6.4
CC[C@H](C)Cl,"1S/C4H9Cl/c1-3-4(2)5/h4H,3H2,1-2H3/t4-/m0/s1",0.0
CCCCCCc1ccccc1,"1S/C12H18/c1-2-3-4-6-9-12-10-7-5-8-11-12/h5,7-8,10-11H,2-4,6,9H2,1H3",-0.04
COc1cc(c(c(c1O)OC)Cl)C=O,"1S/C9H9ClO4/c1-13-6-3-5(4-11)7(10)9(14-2)8(6)12/h3-4,12H,1-2H3",-7.78
c1cc(cc(c1)C(F)(F)F)C(F)(F)F,"1S/C8H4F6/c9-7(10,11)5-2-1-3-6(4-5)8(12,13)14/h1-4H",1.07
c1ccc(cc1)Cn2ccnc2,"1S/C10H10N2/c1-2-4-10(5-3-1)8-12-7-6-11-9-12/h1-7,9H,8H2",-7.63
c1ccc2c(c1)cccc2N,"1S/C10H9N/c11-10-7-3-5-8-4-1-2-6-9(8)10/h1-7H,11H2",-7.28
CCOC(=O)CC(=O)OCC,"1S/C7H12O4/c1-3-10-6(8)5-7(9)11-4-2/h3-5H2,1-2H3",-6.0
CC(=O)C1CC1,"1S/C5H8O/c1-4(6)5-2-3-5/h5H,2-3H2,1H3",-4.61
c1cc[nH]c1,1S/C4H5N/c1-2-4-5-3-1/h1-5H,-4.78
c1cc(c(cc1c2ccc(cc2F)F)C(=O)O)O,"1S/C13H8F2O3/c14-8-2-3-9(11(15)6-8)7-1-4-12(16)10(5-7)13(17)18/h1-6,16H,(H,17,18)",-9.4
CC1CCC(CC1)C,"1S/C8H16/c1-7-3-5-8(2)6-4-7/h7-8H,3-6H2,1-2H3",2.11
C1CCC(CC1)O,"1S/C6H12O/c7-6-4-2-1-3-5-6/h6-7H,1-5H2",-5.46
CN(C)CCC=C1c2ccccc2CCc3c1cccc3,"1S/C20H23N/c1-21(2)15-7-12-20-18-10-5-3-8-16(18)13-14-17-9-4-6-11-19(17)20/h3-6,8-12H,7,13-15H2,1-2H3",-7.43
c1cc(ccc1O)F,"1S/C6H5FO/c7-5-1-3-6(8)4-2-5/h1-4,8H",-6.19
c1ccc(c(c1)N)Cl,"1S/C6H6ClN/c7-5-3-1-2-4-6(5)8/h1-4H,8H2",-4.91
Cc1ccc(c(c1)C)C,"1S/C9H12/c1-7-4-5-8(2)9(3)6-7/h4-6H,1-3H3",-0.86
CCc1ccccc1C,"1S/C9H12/c1-3-9-7-5-4-6-8(9)2/h4-7H,3H2,1-2H3",-0.85
C[C@@H]1CC[C@H](CC1=O)C(=C)C,"1S/C10H16O/c1-7(2)9-5-4-8(3)10(11)6-9/h8-9H,1,4-6H2,2-3H3/t8-,9-/m1/s1",-3.75
c1ccc(cc1)c2ccccc2,1S/C12H10/c1-3-7-11(8-4-1)12-9-5-2-6-10-12/h1-10H,-2.7
Cc1cccc(c1C)O,"1S/C8H10O/c1-6-4-3-5-8(9)7(6)2/h3-5,9H,1-2H3",-6.16
COP(=S)(OC)Oc1ccc(cc1)[N+](=O)[O-],"1S/C8H10NO5PS/c1-12-15(16,13-2)14-8-5-3-7(4-6-8)9(10)11/h3-6H,1-2H3",-7.19
CCOP(=S)(OCC)Oc1ccc(cc1)[N+](=O)[O-],"1S/C10H14NO5PS/c1-3-14-17(18,15-4-2)16-10-7-5-9(6-8-10)11(12)13/h5-8H,3-4H2,1-2H3",-6.74
CCN(CC)c1c(cc(c(c1[N+](=O)[O-])N)C(F)(F)F)[N+](=O)[O-],"1S/C11H13F3N4O4/c1-3-16(4-2)9-7(17(19)20)5-6(11(12,13)14)8(15)10(9)18(21)22/h5H,3-4,15H2,1-2H3",-5.66
CSC,1S/C2H6S/c1-3-2/h1-2H3,-1.61
C[C@@H](c1cccc(c1)C(=O)c2ccccc2)C(=O)O,"1S/C16H14O3/c1-11(16(18)19)13-8-5-9-14(10-13)15(17)12-6-3-2-4-7-12/h2-11H,1H3,(H,18,19)/t11-/m0/s1",-10.78
C1CCC(C1)O,"1S/C5H10O/c6-5-3-1-2-4-5/h5-6H,1-4H2",-5.49
CCCCC(=O)OC,"1S/C6H12O2/c1-3-4-5-6(7)8-2/h3-5H2,1-2H3",-2.56
CCCC(=C)C,"1S/C6H12/c1-4-5-6(2)3/h2,4-5H2,1,3H3",1.47
C[C@@H](c1ccc(c(c1)F)c2ccccc2)C(=O)O,"1S/C15H13FO2/c1-10(15(17)18)12-7-8-13(14(16)9-12)11-5-3-2-4-6-11/h2-10H,1H3,(H,17,18)/t10-/m0/s1",-8.42
CCCN(CCC)c1c(cc(cc1[N+](=O)[O-])S(=O)(=O)C)[N+](=O)[O-],"1S/C13H19N3O6S/c1-4-6-14(7-5-2)13-11(15(17)18)8-10(23(3,21)22)9-12(13)16(19)20/h8-9H,4-7H2,1-3H3",-7.98
C=CCl,"1S/C2H3Cl/c1-2-3/h2H,1H2",-0.59
Cc1ccc(cc1)C(=O)N(C)C,"1S/C10H13NO/c1-8-4-6-9(7-5-8)10(12)11(2)3/h4-7H,1-3H3",-9.76
CCCC(=O)CCC,"1S/C7H14O/c1-3-5-7(8)6-4-2/h3-6H2,1-2H3",-2.92
COC(=O)c1ccccc1,"1S/C8H8O2/c1-10-8(9)7-5-3-2-4-6-7/h2-6H,1H3",-3.92
Cc1ccc(cc1)C=O,"1S/C8H8O/c1-7-2-4-8(6-9)5-3-7/h2-6H,1H3",-4.27
CCCC(=O)OCCC,"1S/C7H14O2/c1-3-5-7(8)9-6-4-2/h3-6H2,1-2H3",-2.28
C1CNCCN1,"1S/C4H10N2/c1-2-6-4-3-5-1/h5-6H,1-4H2",-7.4
CCOP(=S)(OCC)S[C@@H](CCl)N1C(=O)c2ccccc2C1=O,"1S/C14H17ClNO4PS2/c1-3-19-21(22,20-4-2)23-12(9-15)16-13(17)10-7-5-6-8-11(10)14(16)18/h5-8,12H,3-4,9H2,1-2H3/t12-/m0/s1",-5.74
CCOCCO,"1S/C4H10O2/c1-2-6-4-3-5/h5H,2-4H2,1H3",-6.69
CCC(C)CC,"1S/C6H14/c1-4-6(3)5-2/h6H,4-5H2,1-3H3",2.51
Cc1cnccn1,"1S/C5H6N2/c1-5-4-6-2-3-7-5/h2-4H,1H3",-5.51
CCC[N+](=O)[O-],"1S/C3H7NO2/c1-2-3-4(5)6/h2-3H2,1H3",-3.34
Cc1cc(cc(c1)C)C,"1S/C9H12/c1-7-4-8(2)6-9(3)5-7/h4-6H,1-3H3",-0.9
c1c(c(=O)[nH]c(=O)[nH]1)F,"1S/C4H3FN2O2/c5-2-1-6-4(9)7-3(2)8/h1H,(H2,6,7,8,9)",-16.92
CCO,"1S/C2H6O/c1-2-3/h3H,2H2,1H3",-5.0
Cc1ccc(c2c1cccc2)C,"1S/C12H12/c1-9-7-8-10(2)12-6-4-3-5-11(9)12/h3-8H,1-2H3",-2.82
c1c2c(cc(c1Cl)Cl)Oc3cc(c(cc3O2)Cl)Cl,1S/C12H4Cl4O2/c13-5-1-9-10(2-6(5)14)18-12-4-8(16)7(15)3-11(12)17-9/h1-4H,-3.37
c1cc(c(c(c1)Cl)C#N)Cl,1S/C7H3Cl2N/c8-6-2-1-3-7(9)5(6)4-10/h1-3H,-4.71
CCOC=O,"1S/C3H6O2/c1-2-5-3-4/h3H,2H2,1H3",-2.56
c1c(c(cc(c1Cl)Cl)Cl)Cl,1S/C6H2Cl4/c7-3-1-4(8)6(10)2-5(3)9/h1-2H,-1.34
CCOC(OCC)Oc1ccccc1,"1S/C11H16O3/c1-3-12-11(13-4-2)14-10-8-6-5-7-9-10/h5-9,11H,3-4H2,1-2H3",-5.23
c1cc(cc(c1)O)[N+](=O)[O-],"1S/C6H5NO3/c8-6-3-1-2-5(4-6)7(9)10/h1-4,8H",-9.62
CCCCCCCCO,"1S/C8H18O/c1-2-3-4-5-6-7-8-9/h9H,2-8H2,1H3",-4.09
CCC=C,"1S/C4H8/c1-3-4-2/h3H,1,4H2,2H3",1.38
C(Cl)(Cl)(Cl)Cl,"1S/CCl4/c2-1(3,4)5",0.08
c1ccc(cc1)CCO,"1S/C8H10O/c9-7-6-8-4-2-1-3-5-8/h1-5,9H,6-7H2",-6.79
CN(C)C(=O)Nc1ccccc1,"1S/C9H12N2O/c1-11(2)9(12)10-8-6-4-3-5-7-8/h3-7H,1-2H3,(H,10,12)",-9.13
CSSC,1S/C2H6S2/c1-3-4-2/h1-2H3,-1.83
C1C=CC[C@@H]2[C@@H]1C(=O)N(C2=O)SC(Cl)(Cl)Cl,"1S/C9H8Cl3NO2S/c10-9(11,12)16-13-7(14)5-3-1-2-4-6(5)8(13)15/h1-2,5-6H,3-4H2/t5-,6-/m1/s1",-9.01
CC(=O)OCC(COC(=O)C)OC(=O)C,"1S/C9H14O6/c1-6(10)13-4-9(15-8(3)12)5-14-7(2)11/h9H,4-5H2,1-3H3",-8.84
COC,1S/C2H6O/c1-3-2/h1-2H3,-1.91
CCCCCC,"1S/C6H14/c1-3-5-6-4-2/h3-6H2,1-2H3",2.48
C(CBr)Br,1S/C2H4Br2/c3-1-2-4/h1-2H2,-2.33
C(C(Cl)(Cl)Cl)(Cl)Cl,"1S/C2HCl5/c3-1(4)2(5,6)7/h1H",-1.23
c1c(c(=O)[nH]c(=O)[nH]1)C(F)(F)F,"1S/C5H3F3N2O2/c6-5(7,8)2-1-9-4(12)10-3(2)11/h1H,(H2,9,10,11,12)",-15.46
Cc1cccc(c1N)C,"1S/C8H11N/c1-6-4-3-5-7(2)8(6)9/h3-5H,9H2,1-2H3",-5.21
CCCOC(=O)C,"1S/C5H10O2/c1-3-4-7-5(2)6/h3-4H2,1-2H3",-2.79
c1ccc2c(c1)cccn2,1S/C9H7N/c1-2-6-9-8(4-1)5-3-7-10-9/h1-7H,-5.72
CCS,"1S/C2H6S/c1-2-3/h3H,2H2,1H3",-1.14
CCSSCC,"1S/C4H10S2/c1-3-5-6-4-2/h3-4H2,1-2H3",-1.64
c1ccsc1,1S/C4H4S/c1-2-4-5-3-1/h1-4H,-1.4
CCc1cccc2c1cccc2,"1S/C12H12/c1-2-10-7-5-8-11-6-3-4-9-12(10)11/h3-9H,2H2,1H3",-2.4
CCCC(=O)C,"1S/C5H10O/c1-3-4-5(2)6/h3-4H2,1-2H3",-3.52
c1c(c(c(c(c1Cl)Cl)Cl)Cl)c2c(cc(c(c2Cl)Cl)Cl)Cl,1S/C12H2Cl8/c13-4-2-6(15)9(17)11(19)7(4)3-1-5(14)10(18)12(20)8(3)16/h1-2H,-4.61
CCC[N@@](CC1CC1)c2c(cc(cc2[N+](=O)[O-])C(F)(F)F)[N+](=O)[O-],"1S/C14H16F3N3O4/c1-2-5-18(8-9-3-4-9)13-11(19(21)22)6-10(14(15,16)17)7-12(13)20(23)24/h6-7,9H,2-5,8H2,1H3",-2.45
CC(=O)O,"1S/C2H4O2/c1-2(3)4/h1H3,(H,3,4)",-6.69
CC=O,"1S/C2H4O/c1-2-3/h2H,1H3",-3.5
c1cc(cc(c1)[N+](=O)[O-])N,"1S/C6H6N2O2/c7-5-2-1-3-6(4-5)8(9)10/h1-4H,7H2",-8.84
CCCCC#C,"1S/C6H10/c1-3-5-6-4-2/h1H,4-6H2,2H3",0.29
COc1ccccc1N,"1S/C7H9NO/c1-9-7-5-3-2-4-6(7)8/h2-5H,8H2,1H3",-6.12
c1ccc(cc1)O,"1S/C6H6O/c7-6-4-2-1-3-5-6/h1-5,7H",-6.6
CCC#N,"1S/C3H5N/c1-2-3-4/h2H2,1H3",-3.84
c1ccc2c(c1)cccc2O,"1S/C10H8O/c11-10-7-3-5-8-4-1-2-6-9(8)10/h1-7,11H",-7.67
CCCCOC(=O)C,"1S/C6H12O2/c1-3-4-5-8-6(2)7/h3-5H2,1-2H3",-2.64
CC(C)(/C=N\OC(=O)NC)SC,"1S/C7H14N2O2S/c1-7(2,12-4)5-9-11-6(10)8-3/h5H,1-4H3,(H,8,10)/b9-5-",-9.84
Cc1ccccc1O,"1S/C7H8O/c1-6-4-2-3-5-7(6)8/h2-5,8H,1H3",-5.9
CC(C)C=O,"1S/C4H8O/c1-4(2)3-5/h3-4H,1-2H3",-2.86
CCC(=O)N,"1S/C3H7NO/c1-2-3(4)5/h2H2,1H3,(H2,4,5)",-9.4
CCCBr,"1S/C3H7Br/c1-2-3-4/h2-3H2,1H3",-0.56
CC(C)Cl,"1S/C3H7Cl/c1-3(2)4/h3H,1-2H3",-0.25
C(CCl)CCl,1S/C3H6Cl2/c4-2-1-3-5/h1-3H2,-1.89
c1cc(ccc1[N+](=O)[O-])O,"1S/C6H5NO3/c8-6-3-1-5(2-4-6)7(9)10/h1-4,8H",-10.64
C[C@@H](CCl)Cl,"1S/C3H6Cl2/c1-3(5)2-4/h3H,2H2,1H3/t3-/m0/s1",-1.27
c1cc(ccc1N)Cl,"1S/C6H6ClN/c7-5-1-3-6(8)4-2-5/h1-4H,8H2",-5.9
c1ccc2c(c1)C(=O)c3cccc(c3C2=O)N,"1S/C14H9NO2/c15-11-7-3-6-10-12(11)14(17)9-5-2-1-4-8(9)13(10)16/h1-7H,15H2",-9.44
Cc1cccnc1C,"1S/C7H9N/c1-6-4-3-5-8-7(6)2/h3-5H,1-2H3",-4.82
c1cnccc1C#N,1S/C6H4N2/c7-5-6-1-3-8-4-2-6/h1-4H,-6.02
CCOP(=S)(OCC)SCSCC,"1S/C7H17O2PS3/c1-4-8-10(11,9-5-2)13-7-12-6-3/h4-7H2,1-3H3",-4.37
CC(=O)C1CCCCC1,"1S/C8H14O/c1-7(9)8-5-3-2-4-6-8/h8H,2-6H2,1H3",-3.9
Cc1ccccc1C=O,"1S/C8H8O/c1-7-4-2-3-5-8(7)6-9/h2-6H,1H3",-3.93
CC(=O)c1ccncc1,"1S/C7H7NO/c1-6(9)7-2-4-8-5-3-7/h2-5H,1H3",-7.62
c1c2c(cc(c1Cl)Cl)Oc3c(c(c(c(c3Cl)Cl)Cl)Cl)O2,1S/C12H2Cl6O2/c13-3-1-5-6(2-4(3)14)20-12-10(18)8(16)7(15)9(17)11(12)19-5/h1-2H,-3.71
CC(=O)C,1S/C3H6O/c1-3(2)4/h1-2H3,-3.8
CC(=C)C,"1S/C4H8/c1-4(2)3/h1H2,2-3H3",1.16
c1cc(c(cc1Cl)c2cc(c(c(c2)Cl)Cl)Cl)Cl,1S/C12H5Cl5/c13-7-1-2-9(14)8(5-7)6-3-10(15)12(17)11(16)4-6/h1-5H,-3.61
CCCCC[N+](=O)[O-],"1S/C5H11NO2/c1-2-3-4-5-6(7)8/h2-5H2,1H3",-2.82
CCC/C=C/C=O,"1S/C6H10O/c1-2-3-4-5-6-7/h4-6H,2-3H2,1H3/b5-4+",-3.68
CN(C)C(=O)c1ccc(cc1)[N+](=O)[O-],"1S/C9H10N2O3/c1-10(2)9(12)7-3-5-8(6-4-7)11(13)14/h3-6H,1-2H3",-11.95
C1CCOC1,1S/C4H8O/c1-2-4-5-3-1/h1-4H2,-3.47
CCCCCCCC,"1S/C8H18/c1-3-5-7-8-6-4-2/h3-8H2,1-2H3",2.88
CCCN(CCC)c1c(cc(cc1[N+](=O)[O-])C(F)(F)F)[N+](=O)[O-],"1S/C13H16F3N3O4/c1-3-5-17(6-4-2)12-10(18(20)21)7-9(13(14,15)16)8-11(12)19(22)23/h7-8H,3-6H2,1-2H3",-3.25
CC(=CCC[C@](C)(C=C)OC(=O)C)C,"1S/C12H20O2/c1-6-12(5,14-11(4)13)9-7-8-10(2)3/h6,8H,1,7,9H2,2-5H3/t12-/m0/s1",-2.49
C[C@@H](CCO[N+](=O)[O-])O[N+](=O)[O-],"1S/C4H8N2O6/c1-4(12-6(9)10)2-3-11-5(7)8/h4H,2-3H2,1H3/t4-/m0/s1",-4.29
CC(C)OC(C)C,"1S/C6H14O/c1-5(2)7-6(3)4/h5-6H,1-4H3",-0.53
CCCCC(C)C,"1S/C7H16/c1-4-5-6-7(2)3/h7H,4-6H2,1-3H3",2.93
c1(c(c(c(c(c1Cl)Cl)Cl)Cl)Cl)N(=O)=O,1S/C6Cl5NO2/c7-1-2(8)4(10)6(12(13)14)5(11)3(1)9,-5.22
[C@@H](C(F)(F)F)(Cl)Br,"1S/C2HBrClF3/c3-1(4)2(5,6)7/h1H/t1-/m0/s1",-0.11
CCCCOCCCC,"1S/C8H18O/c1-3-5-7-9-8-6-4-2/h3-8H2,1-2H3",-0.83
CCCCCC1CCCC1,"1S/C10H20/c1-2-3-4-7-10-8-5-6-9-10/h10H,2-9H2,1H3",2.55
CC(C)CC(C)C,"1S/C7H16/c1-6(2)5-7(3)4/h6-7H,5H2,1-4H3",2.83
Cc1ccc(nc1)C,"1S/C7H9N/c1-6-3-4-7(2)8-5-6/h3-5H,1-2H3",-4.72
C/C=C/C=O,"1S/C4H6O/c1-2-3-4-5/h2-4H,1H3/b3-2+",-4.22
CCC[C@H](C)CC,"1S/C7H16/c1-4-6-7(3)5-2/h7H,4-6H2,1-3H3/t7-/m1/s1",2.71
c1cc(c(c(c1)Cl)c2c(cc(cc2Cl)Cl)Cl)Cl,1S/C12H5Cl5/c13-6-4-9(16)12(10(17)5-6)11-7(14)2-1-3-8(11)15/h1-5H,-1.96
c1ccc(cc1)O[C@@H](C(F)F)F,"1S/C8H7F3O/c9-7(10)8(11)12-6-4-2-1-3-5-6/h1-5,7-8H/t8-/m0/s1",-1.29
COCCOC,"1S/C4H10O2/c1-5-3-4-6-2/h3-4H2,1-2H3",-4.84
CC[C@H](C)c1ccccc1,"1S/C10H14/c1-3-9(2)10-7-5-4-6-8-10/h4-9H,3H2,1-2H3/t9-/m0/s1",-0.45
c1ccc(cc1)CCCO,"1S/C9H12O/c10-8-4-7-9-5-2-1-3-6-9/h1-3,5-6,10H,4,7-8H2",-6.92
CC[C@@H](C)c1cc(cc(c1O)[N+](=O)[O-])[N+](=O)[O-],"1S/C10H12N2O5/c1-3-6(2)8-4-7(11(14)15)5-9(10(8)13)12(16)17/h4-6,13H,3H2,1-2H3/t6-/m1/s1",-6.23
COc1ccc(cc1)C(=O)OC,"1S/C9H10O3/c1-11-8-5-3-7(4-6-8)9(10)12-2/h3-6H,1-2H3",-5.33
CCC(=O)Nc1ccc(c(c1)Cl)Cl,"1S/C9H9Cl2NO/c1-2-9(13)12-6-3-4-7(10)8(11)5-6/h3-5H,2H2,1H3,(H,12,13)",-7.78
C[C@@H](c1ccc2cc(ccc2c1)OC)C(=O)O,"1S/C14H14O3/c1-9(14(15)16)10-3-4-12-8-13(17-2)6-5-11(12)7-10/h3-9H,1-2H3,(H,15,16)/t9-/m0/s1",-10.21
C1(C(C(C1(F)F)(F)F)(F)F)(F)F,"1S/C4F8/c5-1(6)2(7,8)4(11,12)3(1,9)10",3.43
CC(C)CCOC(=O)C,"1S/C7H14O2/c1-6(2)4-5-9-7(3)8/h6H,4-5H2,1-3H3",-2.21
CCCCCCCl,"1S/C6H13Cl/c1-2-3-4-5-6-7/h2-6H2,1H3",0.0
CC(C)CC(=O)C,"1S/C6H12O/c1-5(2)4-6(3)7/h5H,4H2,1-3H3",-3.05
CCCCCC=O,"1S/C6H12O/c1-2-3-4-5-6-7/h6H,2-5H2,1H3",-2.81
c1cc(cc(c1)Cl)N,"1S/C6H6ClN/c7-5-2-1-3-6(8)4-5/h1-4H,8H2",-5.82
C1COCCN1,"1S/C4H9NO/c1-3-6-4-2-5-1/h5H,1-4H2",-7.17
CCOC(C)OCC,"1S/C6H14O2/c1-4-7-6(3)8-5-2/h6H,4-5H2,1-3H3",-3.28
CCCC[N@](CC)c1c(cc(cc1[N+](=O)[O-])C(F)(F)F)[N+](=O)[O-],"1S/C13H16F3N3O4/c1-3-5-6-17(4-2)12-10(18(20)21)7-9(13(14,15)16)8-11(12)19(22)23/h7-8H,3-6H2,1-2H3",-3.51
CS,"1S/CH4S/c1-2/h2H,1H3",-1.2
C1[C@@H]2[C@H](COS(=O)O1)[C@@]3(C(=C([C@]2(C3(Cl)Cl)Cl)Cl)Cl)Cl,"1S/C9H6Cl6O3S/c10-5-6(11)8(13)4-2-18-19(16)17-1-3(4)7(5,12)9(8,14)15/h3-4H,1-2H2/t3-,4+,7-,8+,19?",-4.23
CC(=O)c1ccc(cc1)OC,"1S/C9H10O2/c1-7(10)8-3-5-9(11-2)6-4-8/h3-6H,1-2H3",-4.4
C=CCO,"1S/C3H6O/c1-2-3-4/h2,4H,1,3H2",-5.03
CCSC,"1S/C3H8S/c1-3-4-2/h3H2,1-2H3",-1.5
CCCCCOC(=O)C,"1S/C7H14O2/c1-3-4-5-6-9-7(2)8/h3-6H2,1-2H3",-2.51
c1c(cc(c(c1Cl)Cl)Cl)Cl,1S/C6H2Cl4/c7-3-1-4(8)6(10)5(9)2-3/h1-2H,-1.62
CC(=O)c1ccccc1,"1S/C8H8O/c1-7(9)8-5-3-2-4-6-8/h2-6H,1H3",-4.58
CCCl,"1S/C2H5Cl/c1-2-3/h2H2,1H3",-0.63
CCCC1CCCC1,"1S/C8H16/c1-2-5-8-6-3-4-7-8/h8H,2-7H2,1H3",2.13
c1c(cc(cc1Cl)Cl)Cl,1S/C6H3Cl3/c7-4-1-5(8)3-6(9)2-4/h1-3H,-0.78
CCCOC(=O)c1ccc(cc1)O,"1S/C10H12O3/c1-2-7-13-10(12)8-3-5-9(11)6-4-8/h3-6,11H,2,7H2,1H3",-9.37
c1cc(cc(c1)Cl)O,"1S/C6H5ClO/c7-5-2-1-3-6(8)4-5/h1-4,8H",-6.62
CC(C)CCO,"1S/C5H12O/c1-5(2)3-4-6/h5-6H,3-4H2,1-2H3",-4.42
CCCCCN,"1S/C5H13N/c1-2-3-4-5-6/h2-6H2,1H3",-4.09
Cc1c(c(=O)n(c(=O)[nH]1)C(C)(C)C)Cl,"1S/C9H13ClN2O2/c1-5-6(10)7(13)12(8(14)11-5)9(2,3)4/h1-4H3,(H,11,14)",-11.14
CC(C)CCC(C)(C)C,"1S/C9H20/c1-8(2)6-7-9(3,4)5/h8H,6-7H2,1-5H3",2.93
CCCCOCCO,"1S/C6H14O2/c1-2-3-5-8-6-4-7/h7H,2-6H2,1H3",-6.25
C1[C@@H]2[C@H]3[C@@H]([C@H]1[C@H]4[C@@H]2O4)[C@@]5(C(=C([C@]3(C5(Cl)Cl)Cl)Cl)Cl)Cl,"1S/C12H8Cl6O/c13-8-9(14)11(16)5-3-1-2(6-7(3)19-6)4(5)10(8,15)12(11,17)18/h2-7H,1H2/t2-,3+,4+,5-,6-,7+,10-,11+",-4.82
c1ccc(cc1)C(=O)N,"1S/C7H7NO/c8-7(9)6-4-2-1-3-5-6/h1-5H,(H2,8,9)",-11.0
CC(C)[N+](=O)[O-],"1S/C3H7NO2/c1-3(2)4(5)6/h3H,1-2H3",-3.13
C(C(CO)O)O,"1S/C3H8O3/c4-1-3(6)2-5/h3-6H,1-2H2",-13.43
CCCI,"1S/C3H7I/c1-2-3-4/h2-3H2,1H3",-0.53
COCCN,"1S/C3H9NO/c1-5-3-2-4/h2-4H2,1H3",-6.55
C(C(Cl)(Cl)Cl)Cl,"1S/C2H2Cl4/c3-1-2(4,5)6/h1H2",-1.43
CCC(=O)OC,"1S/C4H8O2/c1-3-4(5)6-2/h3H2,1-2H3",-2.93
C1CCCC1,1S/C5H10/c1-2-4-5-3-1/h1-5H2,1.2
CCc1cccnc1,"1S/C7H9N/c1-2-7-4-3-5-8-6-7/h3-6H,2H2,1H3",-4.59
Cc1cc(cnc1)C,"1S/C7H9N/c1-6-3-7(2)5-8-4-6/h3-5H,1-2H3",-4.84
COCCO,"1S/C3H8O2/c1-5-3-2-4/h4H,2-3H2,1H3",-6.619999999999999
COC=O,"1S/C2H4O2/c1-4-2-3/h2H,1H3",-2.78
c1ccc2cc(ccc2c1)N,"1S/C10H9N/c11-10-6-5-8-3-1-2-4-9(8)7-10/h1-7H,11H2",-7.47
Cc1c[nH]cn1,"1S/C4H6N2/c1-4-2-5-3-6-4/h2-3H,1H3,(H,5,6)",-10.27
Cc1cccc(c1)[N+](=O)[O-],"1S/C7H7NO2/c1-6-3-2-4-7(5-6)8(9)10/h2-5H,1H3",-3.45
C(CCCl)CCl,1S/C4H8Cl2/c5-3-1-2-4-6/h1-4H2,-2.32
CC(=O)CO[N+](=O)[O-],"1S/C3H5NO4/c1-3(5)2-8-4(6)7/h2H2,1H3",-5.99
CC(C)(C)c1ccccc1,"1S/C10H14/c1-10(2,3)9-7-5-4-6-8-9/h4-8H,1-3H3",-0.44
CCCCCC(=O)OC,"1S/C7H14O2/c1-3-4-5-6-7(8)9-2/h3-6H2,1-2H3",-2.49
C[C@@H](C(F)(F)F)O,"1S/C3H5F3O/c1-2(7)3(4,5)6/h2,7H,1H3/t2-/m0/s1",-4.16
CCCCCBr,"1S/C5H11Br/c1-2-3-4-5-6/h2-5H2,1H3",-0.1
CCCCCCC=C,"1S/C8H16/c1-3-5-7-8-6-4-2/h3H,1,4-8H2,2H3",1.92
CC1=CC(=O)[C@@H](CC1)C(C)C,"1S/C10H16O/c1-7(2)9-5-4-8(3)6-10(9)11/h6-7,9H,4-5H2,1-3H3/t9-/m0/s1",-4.51
CC(C)O,"1S/C3H8O/c1-3(2)4/h3-4H,1-2H3",-4.74
CCCCCCN,"1S/C6H15N/c1-2-3-4-5-6-7/h2-7H2,1H3",-3.95
C(CO[N+](=O)[O-])CO[N+](=O)[O-],1S/C3H6N2O6/c6-4(7)10-2-1-3-11-5(8)9/h1-3H2,-4.8
Cc1ccc(c(c1)C)O,"1S/C8H10O/c1-6-3-4-8(9)7(2)5-6/h3-5,9H,1-2H3",-6.01
CCCCCO,"1S/C5H12O/c1-2-3-4-5-6/h6H,2-5H2,1H3",-4.57
CCC[C@@H](C)O,"1S/C5H12O/c1-3-4-5(2)6/h5-6H,3-4H2,1-2H3/t5-/m1/s1",-4.39
CCCC[C@@H](C)CC,"1S/C8H18/c1-4-6-7-8(3)5-2/h8H,4-7H2,1-3H3/t8-/m0/s1",2.97
C[C@@H](c1ccc(cc1)CC(C)C)C(=O)O,"1S/C13H18O2/c1-9(2)8-11-4-6-12(7-5-11)10(3)13(14)15/h4-7,9-10H,8H2,1-3H3,(H,14,15)/t10-/m0/s1",-7.0
CCOC(=O)C[C@H](C(=O)OCC)SP(=S)(OC)OC,"1S/C10H19O6PS2/c1-5-15-9(11)7-8(10(12)16-6-2)19-17(18,13-3)14-4/h8H,5-7H2,1-4H3/t8-/m1/s1",-8.15
Cc1ccc(cc1C)O,"1S/C8H10O/c1-6-3-4-8(9)5-7(6)2/h3-5,9H,1-2H3",-6.5
Cc1cc(ccc1Cl)O,"1S/C7H7ClO/c1-5-4-6(9)2-3-7(5)8/h2-4,9H,1H3",-6.79
CCCC/C=C/C,"1S/C7H14/c1-3-5-7-6-4-2/h3,5H,4,6-7H2,1-2H3/b5-3+",1.68
CCCOCCC,"1S/C6H14O/c1-3-5-7-6-4-2/h3-6H2,1-2H3",-1.16
C[C@@H]1CC[C@H]([C@@H](C1)O)C(C)C,"1S/C10H20O/c1-7(2)9-5-4-8(3)6-10(9)11/h7-11H,4-6H2,1-3H3/t8-,9+,10-/m1/s1",-3.2
CCNc1nc(nc(n1)SC)NC(C)(C)C,"1S/C10H19N5S/c1-6-11-7-12-8(15-10(2,3)4)14-9(13-7)16-5/h6H2,1-5H3,(H2,11,12,13,14,15)",-6.68
CC(C)CC(C)(C)C,"1S/C8H18/c1-7(2)6-8(3,4)5/h7H,6H2,1-5H3",2.89
CCCCC(=O)CCCC,"1S/C9H18O/c1-3-5-7-9(10)8-6-4-2/h3-8H2,1-2H3",-2.64
CCCCN(CC)C(=O)SCCC,"1S/C10H21NOS/c1-4-7-8-11(6-3)10(12)13-9-5-2/h4-9H2,1-3H3",-3.64
CCCCCC=C,"1S/C7H14/c1-3-5-7-6-4-2/h3H,1,4-7H2,2H3",1.66
CC(C)OC=O,"1S/C4H8O2/c1-4(2)6-3-5/h3-4H,1-2H3",-2.02
CC(OC(=O)C)OC(=O)C,"1S/C6H10O4/c1-4(7)9-6(3)10-5(2)8/h6H,1-3H3",-4.97
c1c(c(=O)[nH]c(=O)[nH]1)Cl,"1S/C4H3ClN2O2/c5-2-1-6-4(9)7-3(2)8/h1H,(H2,6,7,8,9)",-17.74
CC(=C)c1ccccc1,"1S/C9H10/c1-8(2)9-6-4-3-5-7-9/h3-7H,1H2,2H3",-1.24
CCC(C)C,"1S/C5H12/c1-4-5(2)3/h5H,4H2,1-3H3",2.38
CCCCO[N+](=O)[O-],"1S/C4H9NO3/c1-2-3-4-8-5(6)7/h2-4H2,1H3",-2.09
c1ccc(cc1)Br,1S/C6H5Br/c7-6-4-2-1-3-5-6/h1-5H,-1.46
CC(Cl)(Cl)Cl,"1S/C2H3Cl3/c1-2(3,4)5/h1H3",-0.19
CC(=C)[C@H]1CCC(=CC1)C=O,"1S/C10H14O/c1-8(2)10-5-3-9(7-11)4-6-10/h3,7,10H,1,4-6H2,2H3/t10-/m1/s1",-4.09
Cc1ccccc1[N+](=O)[O-],"1S/C7H7NO2/c1-6-4-2-3-5-7(6)8(9)10/h2-5H,1H3",-3.58
CCCCCCCI,"1S/C7H15I/c1-2-3-4-5-6-7-8/h2-7H2,1H3",0.27
c1cc2ccc3cccc4c3c2c(c1)cc4,1S/C16H10/c1-3-11-7-9-13-5-2-6-14-10-8-12(4-1)15(11)16(13)14/h1-10H,-4.52
CCCCCCl,"1S/C5H11Cl/c1-2-3-4-5-6/h2-5H2,1H3",-0.1
CC(C)COC(=O)C,"1S/C6H12O2/c1-5(2)4-8-6(3)7/h5H,4H2,1-3H3",-2.36
CCC(C)(C)C,"1S/C6H14/c1-5-6(2,3)4/h5H2,1-4H3",2.51
c1cc(ccc1N)N(=O)=O,"1S/C6H6N2O2/c7-5-1-3-6(4-2-5)8(9)10/h1-4H,7H2",-9.82
COC(=O)CC#N,"1S/C4H5NO2/c1-7-4(6)2-3-5/h2H2,1H3",-6.72
COc1ccc(cc1)N,"1S/C7H9NO/c1-9-7-4-2-6(8)3-5-7/h2-5H,8H2,1H3",-7.48
CC(C)Cc1ccccc1,"1S/C10H14/c1-9(2)8-10-6-4-3-5-7-10/h3-7,9H,8H2,1-2H3",0.16
c1ccc(cc1)c2c(cc(cc2Cl)Cl)Cl,1S/C12H7Cl3/c13-9-6-10(14)12(11(15)7-9)8-4-2-1-3-5-8/h1-7H,-2.16
CN,"1S/CH5N/c1-2/h2H2,1H3",-4.55
c1ccc(c(c1)O)Cl,"1S/C6H5ClO/c7-5-3-1-2-4-6(5)8/h1-4,8H",-4.55
c1ccc2c(c1)C(=O)c3ccc(cc3C2=O)N,"1S/C14H9NO2/c15-8-5-6-11-12(7-8)14(17)10-4-2-1-3-9(10)13(11)16/h1-7H,15H2",-11.53
C(=C\Cl)\Cl,1S/C2H2Cl2/c3-1-2-4/h1-2H/b2-1-,-1.17
CCCCC(=O)C,"1S/C6H12O/c1-3-4-5-6(2)7/h3-5H2,1-2H3",-3.28
C(CO[N+](=O)[O-])O[N+](=O)[O-],1S/C2H4N2O6/c5-3(6)9-1-2-10-4(7)8/h1-2H2,-5.73
c1ccc(c(c1)O)F,"1S/C6H5FO/c7-5-3-1-2-4-6(5)8/h1-4,8H",-5.29
Cc1c(nc(nc1OC(=O)N(C)C)N(C)C)C,1S/C11H18N4O2/c1-7-8(2)12-10(14(3)4)13-9(7)17-11(16)15(5)6/h1-6H3,-9.41
C=Cc1ccccc1,"1S/C8H8/c1-2-8-6-4-3-5-7-8/h2-7H,1H2",-1.24
CCOP(=O)(OCC)OCC,"1S/C6H15O4P/c1-4-8-11(7,9-5-2)10-6-3/h4-6H2,1-3H3",-7.5
C(C(F)(F)F)O,"1S/C2H3F3O/c3-2(4,5)1-6/h6H,1H2",-4.31
CCCCOC[C@H](C)O,"1S/C7H16O2/c1-3-4-5-9-6-7(2)8/h7-8H,3-6H2,1-2H3/t7-/m0/s1",-5.73
CCCO,"1S/C3H8O/c1-2-3-4/h4H,2-3H2,1H3",-4.85
Cc1ccccc1C,"1S/C8H10/c1-7-5-3-4-6-8(7)2/h3-6H,1-2H3",-0.9
CC(C)(C)C,"1S/C5H12/c1-5(2,3)4/h1-4H3",2.51
CCCC#C,"1S/C5H8/c1-3-5-4-2/h1H,4-5H2,2H3",0.01
c1ccc2c(c1)C(=O)NC2=O,"1S/C8H5NO2/c10-7-5-3-1-2-4-6(5)8(11)9-7/h1-4H,(H,9,10,11)",-9.61
CCCCI,"1S/C4H9I/c1-2-3-4-5/h2-4H2,1H3",-0.25
Cc1ccc(cc1)O,"1S/C7H8O/c1-6-2-4-7(8)5-3-6/h2-5,8H,1H3",-6.13
CC(C)I,"1S/C3H7I/c1-3(2)4/h3H,1-2H3",-0.46
COc1ccccc1O,"1S/C7H8O2/c1-9-7-5-3-2-4-6(7)8/h2-5,8H,1H3",-5.94
C1CC=CC1,"1S/C5H8/c1-2-4-5-3-1/h1-2H,3-5H2",0.56
C[C@H](C(F)(F)F)O,"1S/C3H5F3O/c1-2(7)3(4,5)6/h2,7H,1H3/t2-/m1/s1",-4.2
CCCN,"1S/C3H9N/c1-2-3-4/h2-4H2,1H3",-4.39
c1ccc(c(c1)[N+](=O)[O-])O,"1S/C6H5NO3/c8-6-4-2-1-3-5(6)7(9)10/h1-4,8H",-4.58
Cc1cccc2c1cccc2,"1S/C11H10/c1-9-5-4-7-10-6-2-3-8-11(9)10/h2-8H,1H3",-2.44
c1(c(c(c(c(c1Cl)Cl)Cl)Cl)Cl)Cl,1S/C6Cl6/c7-1-2(8)4(10)6(12)5(11)3(1)9,-2.33
CCCCC/C=C/C=O,"1S/C8H14O/c1-2-3-4-5-6-7-8-9/h6-8H,2-5H2,1H3/b7-6+",-3.43
CCCCCCC#C,"1S/C8H14/c1-3-5-7-8-6-4-2/h1H,4-8H2,2H3",0.71
CCOP(=S)(OCC)Oc1cc(nc(n1)C(C)C)C,"1S/C12H21N2O3PS/c1-6-15-18(19,16-7-2)17-11-8-10(5)13-12(14-11)9(3)4/h8-9H,6-7H2,1-5H3",-6.48
CCCCCCCC(=O)OC,"1S/C9H18O2/c1-3-4-5-6-7-8-9(10)11-2/h3-8H2,1-2H3",-2.04
C1CCNC1,"1S/C4H9N/c1-2-4-5-3-1/h5H,1-4H2",-5.48
c1cc(ccc1C=O)O,"1S/C7H6O2/c8-5-6-1-3-7(9)4-2-6/h1-5,9H",-8.83
CCCCCCCCl,"1S/C7H15Cl/c1-2-3-4-5-6-7-8/h2-7H2,1H3",0.29
C1COCCO1,1S/C4H8O2/c1-2-6-4-3-5-1/h1-4H2,-5.06
